Name,Rating,Reviews,Type,Location,Phone,Status,Notes
Yelahanka Lions Blood Bank,4.9,1200,Blood Bank,"Yelahanka, near NES Bus Stop",07618799131,Open 24 hrs,Clean and safe experience
Sri Manyatha Voluntary Blood Center,4.6,34,Blood Donation Center,Service Rd,09980239887,Open 24 hrs,Located on 4th floor
Universal Welfare Blood Centre,5.0,52,Blood Bank,"T Dasarahalli, Tumkur Rd",09880022860,Open 24 hrs,On-site services
Bangalore Medical Services Trust,4.2,155,Blood Bank,New Thippasandra Main Rd,09900153000,Open 24 hrs,Basic health checks before donation
Amulya Voluntary Blood Centre,5.0,925,Blood Bank,Karnataka,08045086547,Open 24 hrs,On-site services
Nethaji Voluntary Blood Bank,4.2,32,Blood Bank,Old Madras Rd,08310920544,Open 24 hrs,Good experience
Rashtrotthana Blood Centre,4.5,189,Blood Bank,Bengaluru,08026608870,Open 24 hrs,On-site services
Bangalore Blood Bank & Diagnostic Laboratory,4.2,24,Blood Bank,Margosa Rd,08023347714,Open 24 hrs,Good staff
Bangalore Baptist Hospital Blood Bank,2.3,3,Blood Donation Center,Bellary Rd,08022024700,Not specified,
Lions Blood Bank,3.2,42,Blood Bank,Millers Rd,08022266807,Open 24 hrs,Donate blood message
Malleshwaram Voluntary Blood Bank,4.0,29,Blood Bank,Sampige Rd,08023364411,Open 24 hrs,
Mediscope Blood Bank,3.9,7,Blood Bank,Bengaluru,,Open 24 hrs,
Karnataka Red Cross Blood Bank,4.5,11,Blood Bank,Kumarakrupa Rd,08022268435,Open 24 hrs,Friendly staff
Jeevaraksha Voluntary Blood Bank,4.6,43,Blood Donation Center,Cunningham Rd,09900777791,Open 24 hrs,Blood components available
Sankalp Blood Centre,4.5,37,Blood Bank,7th Cross Rd,09480044444,Open 24 hrs,Good experience
Karnataka Blood Bank,4.8,10,Medical Center,NR Road,,Open 24 hrs,
Millennium Blood Bank,3.8,9,Blood Bank,SP Complex,09845508136,Open 24 hrs,Good service
Sushrutha Voluntary Blood Centre,4.8,28,Blood Donation Center,Dr MC Modi Road,08023230777,Open 24 hrs,
Swamy Vivekananda Voluntary Blood Bank,3.7,53,Blood Bank,Raja Ram Mohan Roy Rd,09343773931,Open 24 hrs,
S K Voluntary Blood Bank,4.0,16,Blood Bank,Magadi Main Rd,08023103524,Open 24 hrs,
